utname,imgurl
三峡大学,https://bkimg.cdn.bcebos.com/pic/dbb44aed2e738bd4a5317748aa8b87d6277ff9b3?x-bce-process=image
上海中医药大学,https://bkimg.cdn.bcebos.com/pic/d31b0ef41bd5ad6eb5ba367e86cb39dbb7fd3ce6?x-bce-process=image
上海体育学院,https://bkimg.cdn.bcebos.com/pic/d058ccbf6c81800a09ec279db13533fa828b4713?x-bce-process=image
上海外国语大学,https://bkimg.cdn.bcebos.com/pic/8d5494eef01f3a296b70affa9825bc315c607c4d?x-bce-process=image
上海大学,https://bkimg.cdn.bcebos.com/pic/8435e5dde71190ef09615bb5c11b9d16fcfa60c6?x-bce-process=image
上海对外经贸大学,https://bkimg.cdn.bcebos.com/pic/8d5494eef01f3a294ac9ce819825bc315c607c7f?x-bce-process=image
上海工程技术大学,https://bkimg.cdn.bcebos.com/pic/4bed2e738bd4b31c67a28a0280d6277f9f2ff8e9?x-bce-process=image
上海师范大学,https://bkimg.cdn.bcebos.com/pic/96dda144ad345982b2b7c31a4ebe26adcbef77092eab?x-bce-process=image
上海应用技术大学,https://bkimg.cdn.bcebos.com/pic/500fd9f9d72a6059a274150d2034349b033bba45?x-bce-process=image
上海戏剧学院,https://bkimg.cdn.bcebos.com/pic/241f95cad1c8a786c91764d4e140de3d70cf3ac7fa9a?x-bce-process=image
上海政法学院,https://bkimg.cdn.bcebos.com/pic/8718367adab44aed282a8cb6b11c8701a18bfb7f?x-bce-process=image
上海海事大学,https://bkimg.cdn.bcebos.com/pic/ac4bd11373f08202f5ac9aa549fbfbedab641b69?x-bce-process=image
上海海洋大学,https://bkimg.cdn.bcebos.com/pic/a6efce1b9d16fdfaaf51de73fdc59b5494eef01fcd5e?x-bce-process=image
上海理工大学,https://bkimg.cdn.bcebos.com/pic/fc1f4134970a304e5e33a1c8d6c8a786c9175cea?x-bce-process=image
上海电力大学,https://bkimg.cdn.bcebos.com/pic/ac6eddc451da81cba07285305f66d016082431b2?x-bce-process=image
上海财经大学,https://bkimg.cdn.bcebos.com/pic/023b5bb5c9ea15ceaae67b61b8003af33a87b24a?x-bce-process=image
上海音乐学院,https://bkimg.cdn.bcebos.com/pic/4a36acaf2edda3cc9b34070106e93901213f923b?x-bce-process=image
东北农业大学,https://bkimg.cdn.bcebos.com/pic/3ac79f3df8dcd1008d5747a8708b4710b8122f6b?x-bce-process=image
东北师范大学,https://bkimg.cdn.bcebos.com/pic/503d269759ee3d6d55fbbe414c5c7a224f4a21a470ad?x-bce-process=image
东北林业大学,https://bkimg.cdn.bcebos.com/pic/6159252dd42a2834349bf29712ffdeea15ce36d3115e?x-bce-process=image
东北电力大学,https://bkimg.cdn.bcebos.com/pic/0eb30f2442a7d933a91bae72a44bd11373f0017b?x-bce-process=image
东北石油大学,https://bkimg.cdn.bcebos.com/pic/4bed2e738bd4b31cbe08739d80d6277f9e2ff8e4?x-bce-process=image
东北财经大学,https://bkimg.cdn.bcebos.com/pic/bf096b63f6246b600c333ecb9db20d4c510fd9f90473?x-bce-process=image
东华大学,https://bkimg.cdn.bcebos.com/pic/7e3e6709c93d70cf3bc718d5e796c600baa1cc11fd9b?x-bce-process=image
东华理工大学,https://bkimg.cdn.bcebos.com/pic/3b87e950352ac65c820a9bacfdf2b21192138ae6?x-bce-process=image
中南大学,https://bkimg.cdn.bcebos.com/pic/1ad5ad6eddc451dab4579a4db6fd5266d11632f6?x-bce-process=image
中南林业科技大学,https://bkimg.cdn.bcebos.com/pic/8644ebf81a4c510fd9f90df13a12322dd42a29340f8e?x-bce-process=image
中南民族大学,https://bkimg.cdn.bcebos.com/pic/8718367adab44aed2e73442d94579001a18b86d64dec?x-bce-process=image
中南财经政法大学,https://bkimg.cdn.bcebos.com/pic/738b4710b912c8fc53eaefa2f1039245d6882147?x-bce-process=image
中原工学院,https://bkimg.cdn.bcebos.com/pic/ae51f3deb48f8c542c6a25673c292df5e0fe7f39?x-bce-process=image
中国人民公安大学,https://bkimg.cdn.bcebos.com/pic/9d82d158ccbf6c81800aebd02374a63533fa828beafa?x-bce-process=image
中国人民大学,https://bkimg.cdn.bcebos.com/pic/7e3e6709c93d70cfe25242c6f1dcd100bba12b55?x-bce-process=image
中国传媒大学,https://bkimg.cdn.bcebos.com/pic/4bed2e738bd4b31ce01700e68dd6277f9e2ff840?x-bce-process=image
中国农业大学,https://bkimg.cdn.bcebos.com/pic/f9dcd100baa1cd11fa247bd8b812c8fcc2ce2db3?x-bce-process=image
中国医科大学,https://bkimg.cdn.bcebos.com/pic/e1fe9925bc315c6034a8d54c7af8dc1349540923d974?x-bce-process=image
中国戏曲学院,https://bkimg.cdn.bcebos.com/pic/342ac65c10385343fbf2bf94af59a77eca8065382266?x-bce-process=image
中国政法大学,https://bkimg.cdn.bcebos.com/pic/9345d688d43f8794a4c20edb965119f41bd5ac6e8ca6?x-bce-process=image
中国民航大学,https://bkimg.cdn.bcebos.com/pic/0823dd54564e9258d0cc2b4d9782d158cdbf4e9c?x-bce-process=image
中国海洋大学,https://bkimg.cdn.bcebos.com/pic/5243fbf2b2119313cfd029a566380cd791238d10?x-bce-process=image
中国矿业大学,https://bkimg.cdn.bcebos.com/pic/6c224f4a20a4462309f74fbadb68650e0cf3d6ca799a?x-bce-process=image
中国科学技术大学,https://bkimg.cdn.bcebos.com/pic/42166d224f4a20a44623f89da0188f22720e0cf37a1c?x-bce-process=image
中国美术学院,https://bkimg.cdn.bcebos.com/pic/30adcbef76094b36d095d756a3cc7cd98d109d02?x-bce-process=image
中国药科大学,https://bkimg.cdn.bcebos.com/pic/adaf2edda3cc7cd95ac9952e3701213fb90e9165?x-bce-process=image
中国计量大学,https://bkimg.cdn.bcebos.com/pic/14ce36d3d539b60033ae7112ee50352ac65cb736?x-bce-process=image
中国音乐学院,https://bkimg.cdn.bcebos.com/pic/a9d3fd1f4134970ac957948a9ecad1c8a7865d6b?x-bce-process=image
中央戏剧学院,https://bkimg.cdn.bcebos.com/pic/c2cec3fdfc039245200901768594a4c27d1e250f?x-bce-process=image
中央民族大学,https://bkimg.cdn.bcebos.com/pic/7aec54e736d12f2eb938be580b88c2628535e5ddc2fb?x-bce-process=image
中央美术学院,https://bkimg.cdn.bcebos.com/pic/9e3df8dcd100baa1cd11cbdeb55aae12c8fcc3ce8009?x-bce-process=image
中央财经大学,https://bkimg.cdn.bcebos.com/pic/f7246b600c338744ebf8ebc61145cef9d72a60590a7c?x-bce-process=image
中央音乐学院,https://bkimg.cdn.bcebos.com/pic/d62a6059252dd42a18a92c52093b5bb5c8eab8a2?x-bce-process=image
云南农业大学,https://bkimg.cdn.bcebos.com/pic/a9d3fd1f4134970a304e61bdcd80c6c8a786c917f745?x-bce-process=image
云南大学,https://bkimg.cdn.bcebos.com/pic/08f790529822720e0cf3343538811d46f21fbf097de3?x-bce-process=image
云南师范大学,https://bkimg.cdn.bcebos.com/pic/359b033b5bb5c9ea15ce1768c873a1003af33b8715ac?x-bce-process=image
云南民族大学,https://bkimg.cdn.bcebos.com/pic/6f061d950a7b0208effb837a67d9f2d3572cc87f?x-bce-process=image
云南艺术学院,https://bkimg.cdn.bcebos.com/pic/c995d143ad4bd1130f1de8005dafa40f4bfb052b?x-bce-process=image
云南财经大学,https://bkimg.cdn.bcebos.com/pic/c2cec3fdfc039245d6884052a7deb3c27d1ed21b8f1e?x-bce-process=image
佳木斯大学,https://bkimg.cdn.bcebos.com/pic/eaf81a4c510fd9f915a21d3c2a2dd42a2834a42a?x-bce-process=image
信阳师范学院,https://bkimg.cdn.bcebos.com/pic/3b292df5e0fe9925b00bd0cc35a85edf8db17122?x-bce-process=image
兰州交通大学,https://bkimg.cdn.bcebos.com/pic/024f78f0f736afc3ad871f3fbc19ebc4b64512e4?x-bce-process=image
兰州大学,https://bkimg.cdn.bcebos.com/pic/9f510fb30f2442a76324e122d443ad4bd113020a?x-bce-process=image
兰州理工大学,https://bkimg.cdn.bcebos.com/pic/3bf33a87e950352ac65c39384e09ecf2b21193131de3?x-bce-process=image
兰州财经大学,https://bkimg.cdn.bcebos.com/pic/fc1f4134970a304e251f1437cd82b086c9177e3ef6ee?x-bce-process=image
内蒙古农业大学,https://bkimg.cdn.bcebos.com/pic/b3fb43166d224f4a1c52b38901f790529922d165?x-bce-process=image
内蒙古医科大学,https://bkimg.cdn.bcebos.com/pic/3801213fb80e7bec42a95ec22e2eb9389b506ba5?x-bce-process=image
内蒙古大学,https://bkimg.cdn.bcebos.com/pic/838ba61ea8d3fd1ff212976c304e251f95ca5f48?x-bce-process=image
内蒙古工业大学,https://bkimg.cdn.bcebos.com/pic/b7fd5266d01609240d28af98d40735fae6cd3427?x-bce-process=image
内蒙古师范大学,https://bkimg.cdn.bcebos.com/pic/eaf81a4c510fd9f9d72a91bc6167c32a2834359b0e99?x-bce-process=image
内蒙古科技大学,https://bkimg.cdn.bcebos.com/pic/b219ebc4b74543a965bed9541f178a82b8011484?x-bce-process=image
内蒙古财经大学,https://bkimg.cdn.bcebos.com/pic/c8177f3e6709c93d5eddab6f9f3df8dcd100547e?x-bce-process=image
北京中医药大学,https://bkimg.cdn.bcebos.com/pic/908fa0ec08fa513dcf4011743d6d55fbb3fbd9b6?x-bce-process=image
北京交通大学,https://bkimg.cdn.bcebos.com/pic/aa18972bd40735fae6cd1372ff1b18b30f2443a7a2ec?x-bce-process=image
北京体育大学,https://bkimg.cdn.bcebos.com/pic/14ce36d3d539b6003af3c443ad1a222ac65c113819a6?x-bce-process=image
北京信息科技大学,https://bkimg.cdn.bcebos.com/pic/d788d43f8794a4c237dd55540ef41bd5ac6e39d6?x-bce-process=image
北京农学院,https://bkimg.cdn.bcebos.com/pic/48540923dd54564e65684ec3bede9c82d1584f3f?x-bce-process=image
北京化工大学,https://bkimg.cdn.bcebos.com/pic/8326cffc1e178a82f156e505fd03738da977e829?x-bce-process=image
北京协和医学院,https://bkimg.cdn.bcebos.com/pic/024f78f0f736afc3ff406e29bd19ebc4b7451229?x-bce-process=image
北京印刷学院,https://bkimg.cdn.bcebos.com/pic/b64543a98226cffc1e17fb08cf4b5d90f603738dbc7d?x-bce-process=image
北京外国语大学,https://bkimg.cdn.bcebos.com/pic/b2de9c82d158ccbf5da8f6821bd8bc3eb1354175?x-bce-process=image
北京大学,https://bkimg.cdn.bcebos.com/pic/5ab5c9ea15ce36d3d53991f823ba2d87e950342a1be8?x-bce-process=image
北京工业大学,https://bkimg.cdn.bcebos.com/pic/4034970a304e251f0a77c70ba586c9177e3e5344?x-bce-process=image
北京工商大学,https://bkimg.cdn.bcebos.com/pic/1e30e924b899a901172bac311d950a7b0208f59f?x-bce-process=image
北京师范大学,https://bkimg.cdn.bcebos.com/pic/8ad4b31c8701a18b87d69cf5de65100828381f30507c?x-bce-process=image
北京建筑大学,https://bkimg.cdn.bcebos.com/pic/35a85edf8db1cb1398eac8e5d054564e93584b41?x-bce-process=image
北京服装学院,https://bkimg.cdn.bcebos.com/pic/472309f790529822455b0e42d2ca7bcb0b46d4c2?x-bce-process=image
北京林业大学,https://bkimg.cdn.bcebos.com/pic/a6efce1b9d16fdfab673856cb48f8c5494ee7b10?x-bce-process=image
北京物资学院,https://bkimg.cdn.bcebos.com/pic/bd3eb13533fa828bd6cee856fd1f4134960a5a91?x-bce-process=image
北京理工大学,https://bkimg.cdn.bcebos.com/pic/6159252dd42a2834e96c6a2156b5c9ea14cebfd6?x-bce-process=image
北京电影学院,https://bkimg.cdn.bcebos.com/pic/7a899e510fb30f2442a78debb2dfc643ad4bd013a58b?x-bce-process=image
北京科技大学,https://bkimg.cdn.bcebos.com/pic/3ac79f3df8dcd100baa1bf0f4ac15010b912c8fc81c1?x-bce-process=image
北京第二外国语学院,https://bkimg.cdn.bcebos.com/pic/78310a55b319ebc4f6c2f33c8926cffc1f1716d8?x-bce-process=image
北京联合大学,https://bkimg.cdn.bcebos.com/pic/38dbb6fd5266d016ef2d435f982bd40735fa3595?x-bce-process=image
北京舞蹈学院,https://bkimg.cdn.bcebos.com/pic/b151f8198618367aac79dae429738bd4b31ce513?x-bce-process=image
北京航空航天大学,https://bkimg.cdn.bcebos.com/pic/e850352ac65c103896bc6769b2119313b17e895f?x-bce-process=image
北京语言大学,https://bkimg.cdn.bcebos.com/pic/b17eca8065380cd714a7750ca344ad3458828192?x-bce-process=image
北京邮电大学,https://bkimg.cdn.bcebos.com/pic/aec379310a55b319c46a7d6941a98226cffc171e?x-bce-process=image
北华大学,https://bkimg.cdn.bcebos.com/pic/9922720e0cf3d7cae872afe6fb1fbe096a63a99e?x-bce-process=image
北方工业大学,https://bkimg.cdn.bcebos.com/pic/dbb44aed2e738bd4db192e86a18b87d6277ff949?x-bce-process=image
北方民族大学,https://bkimg.cdn.bcebos.com/pic/a8ec8a13632762d0a2e45db4abec08fa503dc6e7?x-bce-process=image
华东交通大学,https://bkimg.cdn.bcebos.com/pic/0824ab18972bd40735fa94432dc389510fb30f24a371?x-bce-process=image
华东师范大学,https://bkimg.cdn.bcebos.com/pic/c995d143ad4bd113255914405bafa40f4bfb052f?x-bce-process=image
华东政法大学,https://bkimg.cdn.bcebos.com/pic/faf2b2119313b07e20131e050dd7912397dd8c15?x-bce-process=image
华东理工大学,https://bkimg.cdn.bcebos.com/pic/00e93901213fb80e5f110e4c36d12f2eb838946c?x-bce-process=image
华中农业大学,https://bkimg.cdn.bcebos.com/pic/03087bf40ad162d9f2d394805895beec8a136327675e?x-bce-process=image
华中师范大学,https://bkimg.cdn.bcebos.com/pic/fc1f4134970a304ef2ad48c0d3c8a786c9175c79?x-bce-process=image
华中科技大学,https://bkimg.cdn.bcebos.com/pic/32fa828ba61ea8d3fd1f4f721c43274e251f95caf226?x-bce-process=image
华侨大学,https://bkimg.cdn.bcebos.com/pic/4d086e061d950a7b0208967b119b75d9f2d3572c6373?x-bce-process=image
华北水利水电大学,https://bkimg.cdn.bcebos.com/pic/35a85edf8db1cb13d716f6e1df54564e93584bc1?x-bce-process=image
华北理工大学,https://bkimg.cdn.bcebos.com/pic/0b55b319ebc4b745de1dde95cbfc1e178b8215a3?x-bce-process=image
华北电力大学,https://bkimg.cdn.bcebos.com/pic/77094b36acaf2edda3cc6255cd5a16e93901213f357f?x-bce-process=image
华南农业大学,https://bkimg.cdn.bcebos.com/pic/0bd162d9f2d3572c6fa935928713632762d0c331?x-bce-process=image
华南师范大学,https://bkimg.cdn.bcebos.com/pic/21a4462309f79052982290b94eb9c0ca7bcb0b467fab?x-bce-process=image
华南理工大学,https://bkimg.cdn.bcebos.com/pic/d52a2834349b033b092bcb2d14ce36d3d439bda1?x-bce-process=image
南京中医药大学,https://bkimg.cdn.bcebos.com/pic/a8ec8a13632762d0f7034aaa98a61ffa513d269768d9?x-bce-process=image
南京体育学院,https://bkimg.cdn.bcebos.com/pic/1b4c510fd9f9d72a9f1e6f5dd22a2834349bbb7c?x-bce-process=image
南京信息工程大学,https://bkimg.cdn.bcebos.com/pic/6d81800a19d8bc3eb017ad418c8ba61ea8d34519?x-bce-process=image
南京农业大学,https://bkimg.cdn.bcebos.com/pic/30adcbef76094b3645e0a252a3cc7cd98d109d1b?x-bce-process=image
南京医科大学,https://bkimg.cdn.bcebos.com/pic/86d6277f9e2f07082838a04ba96eaf99a9014c08546f?x-bce-process=image
南京大学,https://bkimg.cdn.bcebos.com/pic/2fdda3cc7cd98d103d73086f2c3fb80e7aec90cc?x-bce-process=image
南京审计大学,https://bkimg.cdn.bcebos.com/pic/f636afc379310a551903a251b04543a98226106b?x-bce-process=image
南京工业大学,https://bkimg.cdn.bcebos.com/pic/77c6a7efce1b9d16fdfa33d12a96a38f8c5494eece60?x-bce-process=image
南京师范大学,https://bkimg.cdn.bcebos.com/pic/b3fb43166d224f4a20a4c1af90be87529822720e7b7f?x-bce-process=image
南京林业大学,https://bkimg.cdn.bcebos.com/pic/8435e5dde71190ef76c689088d518a16fdfaae51ca98?x-bce-process=image
南京理工大学,https://bkimg.cdn.bcebos.com/pic/a6efce1b9d16fdfaaf51668f55c79b5494eef01fcd33?x-bce-process=image
南京航空航天大学,https://bkimg.cdn.bcebos.com/pic/4e4a20a4462309f79052ce2abf451bf3d7ca7bcb78fd?x-bce-process=image
南京艺术学院,https://bkimg.cdn.bcebos.com/pic/d8f9d72a6059252d305d4a563f9b033b5bb5b91e?x-bce-process=image
南京财经大学,https://bkimg.cdn.bcebos.com/pic/9213b07eca8065380cd78604af97b644ad34598224d8?x-bce-process=image
南京邮电大学,https://bkimg.cdn.bcebos.com/pic/0b55b319ebc4b74543a92e02f7b609178a82b901bfc7?x-bce-process=image
南方医科大学,https://bkimg.cdn.bcebos.com/pic/d058ccbf6c81800ad18d6a12bc3533fa828b4746?x-bce-process=image
南昌大学,https://bkimg.cdn.bcebos.com/pic/a9d3fd1f4134970a304e7fa5d780c6c8a786c817f7ad?x-bce-process=image
南昌航空大学,https://bkimg.cdn.bcebos.com/pic/d1a20cf431adcbef7c01227facaf2edda3cc9f95?x-bce-process=image
南通大学,https://bkimg.cdn.bcebos.com/pic/d31b0ef41bd5ad6eddc4c725a6802edbb6fd536696e3?x-bce-process=image
厦门大学,https://bkimg.cdn.bcebos.com/pic/1b4c510fd9f9d72abe0843b6df2a2834349bbb29?x-bce-process=image
合肥工业大学,https://bkimg.cdn.bcebos.com/pic/7c1ed21b0ef41bd5ad6ea3156f9096cb39dbb7fd97b2?x-bce-process=image
吉林体育学院,https://bkimg.cdn.bcebos.com/pic/1ad5ad6eddc451da81cb705dc0b74566d01609249479?x-bce-process=image
吉林农业大学,https://bkimg.cdn.bcebos.com/pic/2f738bd4b31c870123fa1771267f9e2f0608ffdd?x-bce-process=image
吉林大学,https://bkimg.cdn.bcebos.com/pic/6a600c338744ebf8226d5703d4f9d72a6059a7e9?x-bce-process=image
吉林师范大学,https://bkimg.cdn.bcebos.com/pic/8601a18b87d6277f9e2fba8368720830e924b899567f?x-bce-process=image
吉林建筑大学,https://bkimg.cdn.bcebos.com/pic/2f738bd4b31c8701a18b03505135892f070828385178?x-bce-process=image
吉林艺术学院,https://bkimg.cdn.bcebos.com/pic/10dfa9ec8a13632762d011bfbdc4b7ec08fa503d69a1?x-bce-process=image
吉林财经大学,https://bkimg.cdn.bcebos.com/pic/e7cd7b899e510fb30f24d378e579df95d143ac4ba680?x-bce-process=image
吉首大学,https://bkimg.cdn.bcebos.com/pic/30adcbef76094b36acafa1876e876bd98d1001e9370f?x-bce-process=image
同济大学,https://bkimg.cdn.bcebos.com/pic/6a63f6246b600c3341fb9ce4164c510fd9f9a118?x-bce-process=image
哈尔滨医科大学,https://bkimg.cdn.bcebos.com/pic/9825bc315c6034a8fb777a3acb134954082376f0?x-bce-process=image
哈尔滨商业大学,https://bkimg.cdn.bcebos.com/pic/5fdf8db1cb1349542e2aa432564e9258d1094aab?x-bce-process=image
哈尔滨工业大学,https://bkimg.cdn.bcebos.com/pic/0e2442a7d933c8952b5646f3d41373f08202000a?x-bce-process=image
哈尔滨工程大学,https://bkimg.cdn.bcebos.com/pic/e61190ef76c6a7eff20dde69f0faaf51f3de6651?x-bce-process=image
哈尔滨师范大学,https://bkimg.cdn.bcebos.com/pic/c8ea15ce36d3d539910c13423087e950352ab079?x-bce-process=image
哈尔滨理工大学,https://bkimg.cdn.bcebos.com/pic/9f510fb30f2442a7867041fdd143ad4bd113026f?x-bce-process=image
哈尔滨音乐学院,https://bkimg.cdn.bcebos.com/pic/b8389b504fc2d5625c3e7bd5e81190ef76c66cd0?x-bce-process=image
四川农业大学,https://bkimg.cdn.bcebos.com/pic/10dfa9ec8a13632710754f96908fa0ec09fac7ff?x-bce-process=image
四川外国语大学,https://bkimg.cdn.bcebos.com/pic/728da9773912b31bf6503a918718367adab4e14e?x-bce-process=image
四川大学,https://bkimg.cdn.bcebos.com/pic/7aec54e736d12f2eb938f788b288c2628535e4ddc28a?x-bce-process=image
四川师范大学,https://bkimg.cdn.bcebos.com/pic/5366d0160924ab1874163b3338fae6cd7b890bb6?x-bce-process=image
四川美术学院,https://bkimg.cdn.bcebos.com/pic/2934349b033b5bb58f331c5b31d3d539b700bcaa?x-bce-process=image
四川音乐学院,https://bkimg.cdn.bcebos.com/pic/f7246b600c338744ebf8c1980745cef9d72a61590ab6?x-bce-process=image
复旦大学,https://bkimg.cdn.bcebos.com/pic/eac4b74543a98226cffc1bda6bcbae014a90f703bdbf?x-bce-process=image
大连交通大学,https://bkimg.cdn.bcebos.com/pic/8c1001e93901213ff2255e355ae736d12e2e95c0?x-bce-process=image
大连医科大学,https://bkimg.cdn.bcebos.com/pic/79f0f736afc379310a558d49498ea04543a98226bb33?x-bce-process=image
大连外国语大学,https://bkimg.cdn.bcebos.com/pic/b151f8198618367adab448b4dc399cd4b31c87014f0d?x-bce-process=image
大连大学,https://bkimg.cdn.bcebos.com/pic/14ce36d3d539b600deea4ae3ee50352ac65cb7ba?x-bce-process=image
大连工业大学,https://bkimg.cdn.bcebos.com/pic/58ee3d6d55fbb2fb7f9c9f55474a20a44723dcc6?x-bce-process=image
大连海事大学,https://bkimg.cdn.bcebos.com/pic/34fae6cd7b899e510fb387c206edce33c895d043a799?x-bce-process=image
大连海洋大学,https://bkimg.cdn.bcebos.com/pic/ca1349540923dd543005aef4d109b3de9c824833?x-bce-process=image
大连理工大学,https://bkimg.cdn.bcebos.com/pic/6c224f4a20a44623850e32b09522720e0df3d718?x-bce-process=image
天津中医药大学,https://bkimg.cdn.bcebos.com/pic/7c1ed21b0ef41bd5e0eba3005bda81cb38db3d8d?x-bce-process=image
天津体育学院,https://bkimg.cdn.bcebos.com/pic/d53f8794a4c27d1ed21b37729b9cba6eddc451da9266?x-bce-process=image
天津农学院,https://bkimg.cdn.bcebos.com/pic/5882b2b7d0a20cf431ad16f50d435c36acaf2edd33cc?x-bce-process=image
天津医科大学,https://bkimg.cdn.bcebos.com/pic/8b82b9014a90f603738d030f7b58a41bb051f819476a?x-bce-process=image
天津商业大学,https://bkimg.cdn.bcebos.com/pic/9f510fb30f2442a7b8bbb217dc43ad4bd01302ce?x-bce-process=image
天津城建大学,https://bkimg.cdn.bcebos.com/pic/f3d3572c11dfa9ecfb30ceb469d0f703918fc173?x-bce-process=image
天津外国语大学,https://bkimg.cdn.bcebos.com/pic/b58f8c5494eef01f9e7acb66ebfe9925bc317d23?x-bce-process=image
天津大学,https://bkimg.cdn.bcebos.com/pic/58ee3d6d55fbb2fba9eb272c4d4a20a44723dcc8?x-bce-process=image
天津工业大学,https://bkimg.cdn.bcebos.com/pic/96dda144ad345982b2b7a191e8bd26adcbef76092ed4?x-bce-process=image
天津师范大学,https://bkimg.cdn.bcebos.com/pic/0eb30f2442a7d933dc74020aaf4bd11372f001ee?x-bce-process=image
天津理工大学,https://bkimg.cdn.bcebos.com/pic/fcfaaf51f3deb48f8c541ed11f572d292df5e0fed221?x-bce-process=image
天津科技大学,https://bkimg.cdn.bcebos.com/pic/0b46f21fbe096b63f6249e4134799044ebf81a4c06c5?x-bce-process=image
天津美术学院,https://bkimg.cdn.bcebos.com/pic/5ab5c9ea15ce36d37c76139331f33a87e950b127?x-bce-process=image
天津职业技术师范大学,https://bkimg.cdn.bcebos.com/pic/d439b6003af33a87e9503df7fa1607385343faf21f8e?x-bce-process=image
天津财经大学,https://bkimg.cdn.bcebos.com/pic/1e30e924b899a9014c08e71f66df1d7b02087bf45fcd?x-bce-process=image
天津音乐学院,https://bkimg.cdn.bcebos.com/pic/b03533fa828ba61e1cbd0f8c4a34970a314e59c6?x-bce-process=image
太原理工大学,https://bkimg.cdn.bcebos.com/pic/fd039245d688d43f53495db27f1ed21b0ff43b8a?x-bce-process=image
太原科技大学,https://bkimg.cdn.bcebos.com/pic/f9198618367adab40aade2a889d4b31c8601e4d8?x-bce-process=image
宁夏医科大学,https://bkimg.cdn.bcebos.com/pic/cc11728b4710b912c8fcb21afdb7eb039245d78884b7?x-bce-process=image
宁夏大学,https://bkimg.cdn.bcebos.com/pic/7dd98d1001e93901213fc29292a443e736d12f2e384c?x-bce-process=image
宁波大学,https://bkimg.cdn.bcebos.com/pic/ac6eddc451da81cb003a28445066d0160824315e?x-bce-process=image
安徽中医药大学,https://bkimg.cdn.bcebos.com/pic/4afbfbedab64034f41f04d40adc379310a551db2?x-bce-process=image
安徽农业大学,https://bkimg.cdn.bcebos.com/pic/b7003af33a87e95092ff75e414385343faf2b44a?x-bce-process=image
安徽医科大学,https://bkimg.cdn.bcebos.com/pic/bd315c6034a85edf8db189660b1e1e23dd54564edf16?x-bce-process=image
安徽大学,https://bkimg.cdn.bcebos.com/pic/1e30e924b899a901e350037a1c950a7b0208f511?x-bce-process=image
安徽工业大学,https://bkimg.cdn.bcebos.com/pic/6a600c338744ebf85a1eaea2d5f9d72a6159a7c4?x-bce-process=image
安徽工程大学,https://bkimg.cdn.bcebos.com/pic/aa18972bd40735fa547258f793510fb30e2408f9?x-bce-process=image
安徽师范大学,https://bkimg.cdn.bcebos.com/pic/18d8bc3eb13533fa00c58a75a9d3fd1f41345b7d?x-bce-process=image
安徽建筑大学,https://bkimg.cdn.bcebos.com/pic/0b7b02087bf40ad110ab42e3552c11dfa9ecce67?x-bce-process=image
安徽理工大学,https://bkimg.cdn.bcebos.com/pic/810a19d8bc3eb135273d1a2ca41ea8d3fc1f44aa?x-bce-process=image
安徽财经大学,https://bkimg.cdn.bcebos.com/pic/32fa828ba61ea8d346fdb1a5900a304e241f58b0?x-bce-process=image
对外经济贸易大学,https://bkimg.cdn.bcebos.com/pic/d833c895d143ad4b21289d268c025aafa50f06d6?x-bce-process=image
山东中医药大学,https://bkimg.cdn.bcebos.com/pic/cc11728b4710b91235240a13c1fdfc0393452272?x-bce-process=image
山东体育学院,https://bkimg.cdn.bcebos.com/pic/3801213fb80e7bec81cd9e2f2d2eb9389a506bed?x-bce-process=image
山东农业大学,https://bkimg.cdn.bcebos.com/pic/b8014a90f603738da97783138051a751f819861846e5?x-bce-process=image
山东大学,https://bkimg.cdn.bcebos.com/pic/58ee3d6d55fbb2fb43168804770037a4462309f776d8?x-bce-process=image
山东工艺美术学院,https://bkimg.cdn.bcebos.com/pic/08f790529822720e9a564dd874cb0a46f21fab7c?x-bce-process=image
山东师范大学,https://bkimg.cdn.bcebos.com/pic/738b4710b912c8fcc3ceae14bf498545d688d53f8b9a?x-bce-process=image
山东建筑大学,https://bkimg.cdn.bcebos.com/pic/faf2b2119313b07eca804038249c862397dda14426e2?x-bce-process=image
山东理工大学,https://bkimg.cdn.bcebos.com/pic/0b55b319ebc4b74543a975ee22b509178a82b801bfbb?x-bce-process=image
山东科技大学,https://bkimg.cdn.bcebos.com/pic/79f0f736afc379310a552fdfaf8ea04543a98326bbb9?x-bce-process=image
山东财经大学,https://bkimg.cdn.bcebos.com/pic/9358d109b3de9c827f5226ae6381800a19d843d8?x-bce-process=image
山西农业大学,https://bkimg.cdn.bcebos.com/pic/b2de9c82d158ccbf6c8171038692ab3eb13533faebfd?x-bce-process=image
山西医科大学,https://bkimg.cdn.bcebos.com/pic/d833c895d143ad4bd113e624bc484dafa40f4afba8b7?x-bce-process=image
山西大学,https://bkimg.cdn.bcebos.com/pic/0e2442a7d933c895a7d0ca37dc1373f0830200cb?x-bce-process=image
山西师范大学,https://bkimg.cdn.bcebos.com/pic/ca1349540923dd54cd476b58df09b3de9c8248ce?x-bce-process=image
山西财经大学,https://bkimg.cdn.bcebos.com/pic/48540923dd54564e9258e289e4978b82d158ccbfe160?x-bce-process=image
常州大学,https://bkimg.cdn.bcebos.com/pic/d788d43f8794a4c260ae66d40ef41bd5ac6e39bb?x-bce-process=image
广东医科大学,https://bkimg.cdn.bcebos.com/pic/9213b07eca806538f2d3f28990dda144ad34826b?x-bce-process=image
广东外语外贸大学,https://bkimg.cdn.bcebos.com/pic/d788d43f8794a4c21826b1be07f41bd5ad6e3919?x-bce-process=image
广东工业大学,https://bkimg.cdn.bcebos.com/pic/94cad1c8a786c9177f3eb225047667cf3bc79f3df9d1?x-bce-process=image
广东海洋大学,https://bkimg.cdn.bcebos.com/pic/cdbf6c81800a19d8bc3e105cc1b0958ba61ea8d3e81d?x-bce-process=image
广东药科大学,https://bkimg.cdn.bcebos.com/pic/d52a2834349b033b7a61e46012ce36d3d439bd9a?x-bce-process=image
广东财经大学,https://bkimg.cdn.bcebos.com/pic/aec379310a55b319cbae6dfc42a98226cefc17e7?x-bce-process=image
广州中医药大学,https://bkimg.cdn.bcebos.com/pic/562c11dfa9ec8a134c2299b5f703918fa0ecc0af?x-bce-process=image
广州体育学院,https://bkimg.cdn.bcebos.com/pic/e850352ac65c1038f41954acb9119313b07e897d?x-bce-process=image
广州医科大学,https://bkimg.cdn.bcebos.com/pic/5d6034a85edf8db16d56a7f40323dd54564e7422?x-bce-process=image
广州大学,https://bkimg.cdn.bcebos.com/pic/6a63f6246b600c3387448dcfd004460fd9f9d72a0b29?x-bce-process=image
广州美术学院,https://bkimg.cdn.bcebos.com/pic/962bd40735fae6cd7b893dad28f8182442a7d833a1ee?x-bce-process=image
广西中医药大学,https://bkimg.cdn.bcebos.com/pic/b812c8fcc3cec3fd3542648fda88d43f869427c8?x-bce-process=image
广西医科大学,https://bkimg.cdn.bcebos.com/pic/4e4a20a4462309f7ef6823f8700e0cf3d6cad6d1?x-bce-process=image
广西大学,https://bkimg.cdn.bcebos.com/pic/6609c93d70cf3bc79f3d97f8e94aada1cd11728bfcc7?x-bce-process=image
广西师范大学,https://bkimg.cdn.bcebos.com/pic/a08b87d6277f9e2f4586fd9f1f30e924b999f3f2?x-bce-process=image
广西民族大学,https://bkimg.cdn.bcebos.com/pic/3801213fb80e7bec54e7afb1e265ae389b504fc23d05?x-bce-process=image
广西艺术学院,https://bkimg.cdn.bcebos.com/pic/9c16fdfaaf51f3de395c793c9beef01f3b2979f8?x-bce-process=image
延安大学,https://bkimg.cdn.bcebos.com/pic/8cb1cb134954092355434fe39258d109b3de4900?x-bce-process=image
延边大学,https://bkimg.cdn.bcebos.com/pic/96dda144ad34598289e1f67801f431adcaef84f4?x-bce-process=image
徐州医科大学,https://bkimg.cdn.bcebos.com/pic/1e30e924b899a9014c088be002df1d7b02087af45f98?x-bce-process=image
成都中医药大学,https://bkimg.cdn.bcebos.com/pic/80cb39dbb6fd52665908426ba318972bd40736a9?x-bce-process=image
成都体育学院,https://bkimg.cdn.bcebos.com/pic/5243fbf2b2119313b07e03a4e6721bd7912397dd27c6?x-bce-process=image
成都信息工程大学,https://bkimg.cdn.bcebos.com/pic/d01373f082025aafa40f1fde78a7bc64034f78f0acc6?x-bce-process=image
成都理工大学,https://bkimg.cdn.bcebos.com/pic/cb8065380cd7912397ddf7af567e4e82b2b7d1a22a9f?x-bce-process=image
扬州大学,https://bkimg.cdn.bcebos.com/pic/5243fbf2b2119313b07edde850721bd7912397dd271b?x-bce-process=image
新乡医学院,https://bkimg.cdn.bcebos.com/pic/500fd9f9d72a6059b0426de82a34349b023bbaf6?x-bce-process=image
新疆农业大学,https://bkimg.cdn.bcebos.com/pic/63d9f2d3572c11df0554f1dd622762d0f603c243?x-bce-process=image
新疆医科大学,https://bkimg.cdn.bcebos.com/pic/b21bb051f8198618bafda91047ed2e738ad4e6e8?x-bce-process=image
新疆大学,https://bkimg.cdn.bcebos.com/pic/cb8065380cd7912397ddb864957e4e82b2b7d0a22ac3?x-bce-process=image
新疆师范大学,https://bkimg.cdn.bcebos.com/pic/72f082025aafa40f4bfbee34682c144f78f0f636b388?x-bce-process=image
新疆财经大学,https://bkimg.cdn.bcebos.com/pic/4a36acaf2edda3cc7cd9131ec0a32e01213fb80e34f0?x-bce-process=image
昆明医科大学,https://bkimg.cdn.bcebos.com/pic/d0c8a786c9177f3e670997fc35842cc79f3df9dcf8a5?x-bce-process=image
昆明理工大学,https://bkimg.cdn.bcebos.com/pic/86d6277f9e2f07082838dcecd56eaf99a9014d08548e?x-bce-process=image
星海音乐学院,https://bkimg.cdn.bcebos.com/pic/a8773912b31bb051f81901cf5c30cdb44aed2f734a8b?x-bce-process=image
景德镇陶瓷大学,https://bkimg.cdn.bcebos.com/pic/d31b0ef41bd5ad6e0d08a9aa8fcb39dbb7fd3cf9?x-bce-process=image
暨南大学,https://bkimg.cdn.bcebos.com/pic/95eef01f3a292df5d970c43cbd315c6034a87363?x-bce-process=image
曲阜师范大学,https://bkimg.cdn.bcebos.com/pic/a9d3fd1f4134970a304e45bca980c6c8a786c917f744?x-bce-process=image
杭州师范大学,https://bkimg.cdn.bcebos.com/pic/3812b31bb051f8198f3336a1d8b44aed2f73e7c2?x-bce-process=image
杭州电子科技大学,https://bkimg.cdn.bcebos.com/pic/7aec54e736d12f2e307562024fc2d56285356864?x-bce-process=image
桂林医学院,https://bkimg.cdn.bcebos.com/pic/ac6eddc451da81cbb23989975d66d01608243188?x-bce-process=image
桂林理工大学,https://bkimg.cdn.bcebos.com/pic/bba1cd11728b47102ab7e5fdc4cec3fdfc032362?x-bce-process=image
桂林电子科技大学,https://bkimg.cdn.bcebos.com/pic/00e93901213fb80e43a6638d39d12f2eb9389470?x-bce-process=image
武汉体育学院,https://bkimg.cdn.bcebos.com/pic/55e736d12f2eb9389b50440f8a299235e5dde611c1b1?x-bce-process=image
武汉大学,https://bkimg.cdn.bcebos.com/pic/0b46f21fbe096b634c5ee7ef0c338744eaf8acce?x-bce-process=image
武汉工程大学,https://bkimg.cdn.bcebos.com/pic/d6ca7bcb0a46f21fbe096828de6f7c600c338744003f?x-bce-process=image
武汉理工大学,https://bkimg.cdn.bcebos.com/pic/48540923dd54564e92583de42d968b82d158cdbfe19f?x-bce-process=image
武汉科技大学,https://bkimg.cdn.bcebos.com/pic/d788d43f8794a4c27d1e0571efbe0cd5ad6eddc4931c?x-bce-process=image
武汉纺织大学,https://bkimg.cdn.bcebos.com/pic/fc1f4134970a304e251f150ecc82b086c9177e3ef6a7?x-bce-process=image
武汉轻工大学,https://bkimg.cdn.bcebos.com/pic/d1a20cf431adcbef0f54b249adaf2edda3cc9f19?x-bce-process=image
汕头大学,https://bkimg.cdn.bcebos.com/pic/faf2b2119313b07eca8029560d9d862397dda1442611?x-bce-process=image
江南大学,https://bkimg.cdn.bcebos.com/pic/7af40ad162d9f2d3572cc4c091a69d13632762d066c3?x-bce-process=image
江汉大学,https://bkimg.cdn.bcebos.com/pic/0dd7912397dda144b7db106bbbb7d0a20df4861c?x-bce-process=image
江苏师范大学,https://bkimg.cdn.bcebos.com/pic/908fa0ec08fa513d26978d2b792742fbb2fb421673b9?x-bce-process=image
江苏科技大学,https://bkimg.cdn.bcebos.com/pic/03087bf40ad162d9f2d3445de895beec8a1363276715?x-bce-process=image
江西中医药大学,https://bkimg.cdn.bcebos.com/pic/b8389b504fc2d5627a7360d8e51190ef76c66c88?x-bce-process=image
江西农业大学,https://bkimg.cdn.bcebos.com/pic/bf096b63f6246b60ae78181eecf81a4c510fa262?x-bce-process=image
江西师范大学,https://bkimg.cdn.bcebos.com/pic/9f2f070828381f30d3bd5828a9014c086f06f08f?x-bce-process=image
江西理工大学,https://bkimg.cdn.bcebos.com/pic/8435e5dde71190efdf9f4662ce1b9d16fdfa6023?x-bce-process=image
江西财经大学,https://bkimg.cdn.bcebos.com/pic/aec379310a55b319ebc4feeadae39526cffc1e17b950?x-bce-process=image
沈阳体育学院,https://bkimg.cdn.bcebos.com/pic/7dd98d1001e93901213fd6a38ea643e736d12f2e3851?x-bce-process=image
沈阳农业大学,https://bkimg.cdn.bcebos.com/pic/503d269759ee3d6dab91844943166d224e4aded9?x-bce-process=image
沈阳化工大学,https://bkimg.cdn.bcebos.com/pic/d50735fae6cd7b899e5123b4906e55a7d933c895a0f8?x-bce-process=image
沈阳大学,https://bkimg.cdn.bcebos.com/pic/09fa513d269759ee22db5315bcfb43166c22df60?x-bce-process=image
沈阳工业大学,https://bkimg.cdn.bcebos.com/pic/b17eca8065380cd77ae5eb09a344ad345882815f?x-bce-process=image
沈阳师范大学,https://bkimg.cdn.bcebos.com/pic/e7cd7b899e510fb30f246ca24679df95d143ad4ba6e6?x-bce-process=image
沈阳建筑大学,https://bkimg.cdn.bcebos.com/pic/2e2eb9389b504fc28748b60be5dde71190ef6dac?x-bce-process=image
沈阳理工大学,https://bkimg.cdn.bcebos.com/pic/4a36acaf2edda3cc7cd94d149ea32e01213fb80e34e6?x-bce-process=image
沈阳航空航天大学,https://bkimg.cdn.bcebos.com/pic/64380cd7912397dd58f8ddaa5b82b2b7d1a2879f?x-bce-process=image
沈阳药科大学,https://bkimg.cdn.bcebos.com/pic/dcc451da81cb39db720e5c0ad8160924aa18309b?x-bce-process=image
沈阳音乐学院,https://bkimg.cdn.bcebos.com/pic/91529822720e0cf3f3be6e3e0d46f21fbf09aaad?x-bce-process=image
河北中医学院,https://bkimg.cdn.bcebos.com/pic/c8177f3e6709c93d00047f94953df8dcd00054da?x-bce-process=image
河北农业大学,https://bkimg.cdn.bcebos.com/pic/0eb30f2442a7d933c8950f155f01c61373f08202ab08?x-bce-process=image
河北医科大学,https://bkimg.cdn.bcebos.com/pic/fcfaaf51f3deb48f79cc067afb1f3a292cf578e9?x-bce-process=image
河北地质大学,https://bkimg.cdn.bcebos.com/pic/6f061d950a7b02083188dae96ad9f2d3572cc871?x-bce-process=image
河北大学,https://bkimg.cdn.bcebos.com/pic/a5c27d1ed21b0ef427eb2283d4c451da80cb3eef?x-bce-process=image
河北工业大学,https://bkimg.cdn.bcebos.com/pic/d31b0ef41bd5ad6eddc4805f6d812edbb6fd52669679?x-bce-process=image
河北工程大学,https://bkimg.cdn.bcebos.com/pic/7dd98d1001e93901213f7afbdaa543e736d12e2e3896?x-bce-process=image
河北师范大学,https://bkimg.cdn.bcebos.com/pic/6a63f6246b600c330d1356c4184c510fd9f9a150?x-bce-process=image
河北科技大学,https://bkimg.cdn.bcebos.com/pic/8326cffc1e178a82b901fbb7ce49648da977391242db?x-bce-process=image
河北经贸大学,https://bkimg.cdn.bcebos.com/pic/b2de9c82d158ccbf6c81d4d22592ab3eb13532faeb8b?x-bce-process=image
河南中医药大学,https://bkimg.cdn.bcebos.com/pic/4bed2e738bd4b31c3500f81080d6277f9e2ff859?x-bce-process=image
河南农业大学,https://bkimg.cdn.bcebos.com/pic/8718367adab44aed03886965b31c8701a08bfb69?x-bce-process=image
河南大学,https://bkimg.cdn.bcebos.com/pic/d058ccbf6c81800ab45a40fcb33533fa838b4781?x-bce-process=image
河南工业大学,https://bkimg.cdn.bcebos.com/pic/86d6277f9e2f07081efdfd81e924b899a801f2b3?x-bce-process=image
河南师范大学,https://bkimg.cdn.bcebos.com/pic/a8014c086e061d957d20a47478f40ad162d9ca1c?x-bce-process=image
河南理工大学,https://bkimg.cdn.bcebos.com/pic/dbb44aed2e738bd48a6d51eca38b87d6267ff99b?x-bce-process=image
河南科技大学,https://bkimg.cdn.bcebos.com/pic/42166d224f4a20a415d0ee5d90529822730ed05a?x-bce-process=image
河南财经政法大学,https://bkimg.cdn.bcebos.com/pic/ac6eddc451da81cb6a0e32805066d01608243196?x-bce-process=image
河海大学,https://bkimg.cdn.bcebos.com/pic/279759ee3d6d55fb1d9ec7106f224f4a20a4dda8?x-bce-process=image
济南大学,https://bkimg.cdn.bcebos.com/pic/2cf5e0fe9925bc31ee94dc3e5edf8db1ca13704f?x-bce-process=image
浙江中医药大学,https://bkimg.cdn.bcebos.com/pic/4b90f603738da97744ae36b6b551f8198718e3ae?x-bce-process=image
浙江农林大学,https://bkimg.cdn.bcebos.com/pic/aa18972bd40735fa1574998d93510fb30f24087a?x-bce-process=image
浙江大学,https://bkimg.cdn.bcebos.com/pic/728da9773912b31bb0513050ae53217adab44aed4b3c?x-bce-process=image
浙江工业大学,https://bkimg.cdn.bcebos.com/pic/bf096b63f6246b600c338fbdccb30d4c510fd8f904ed?x-bce-process=image
浙江工商大学,https://bkimg.cdn.bcebos.com/pic/a8ec8a13632762d0ef8f9835abec08fa503dc682?x-bce-process=image
浙江师范大学,https://bkimg.cdn.bcebos.com/pic/241f95cad1c8a7863648d2a46909c93d70cf503e?x-bce-process=image
浙江海洋大学,https://bkimg.cdn.bcebos.com/pic/ac6eddc451da81cb39dbc1501b2cc7160924ab189b5e?x-bce-process=image
浙江理工大学,https://bkimg.cdn.bcebos.com/pic/d833c895d143ad4b254b8b7b82025aafa40f0620?x-bce-process=image
浙江财经大学,https://bkimg.cdn.bcebos.com/pic/4e4a20a4462309f739571198780e0cf3d7cad604?x-bce-process=image
海南大学,https://bkimg.cdn.bcebos.com/pic/3b292df5e0fe992531caa1083ba85edf8cb171a0?x-bce-process=image
海南师范大学,https://bkimg.cdn.bcebos.com/pic/30adcbef76094b36acaf30099d866bd98d1000e937b7?x-bce-process=image
淮北师范大学,https://bkimg.cdn.bcebos.com/pic/a8773912b31bb051f81933c10a30cdb44aed2f734a8d?x-bce-process=image
深圳大学,https://bkimg.cdn.bcebos.com/pic/86d6277f9e2f07082838d811d16eaf99a9014c0854c5?x-bce-process=image
渤海大学,https://bkimg.cdn.bcebos.com/pic/9f510fb30f2442a7e28d65c3d143ad4bd01302d0?x-bce-process=image
温州医科大学,https://bkimg.cdn.bcebos.com/pic/37d3d539b6003af3cd108ad1372ac65c1138b6dd?x-bce-process=image
温州大学,https://bkimg.cdn.bcebos.com/pic/f703738da9773912b31b78a9df529118367adbb444ed?x-bce-process=image
湖北中医药大学,https://bkimg.cdn.bcebos.com/pic/c9fcc3cec3fdfc039245a150e8759094a4c27c1e888b?x-bce-process=image
湖北大学,https://bkimg.cdn.bcebos.com/pic/77094b36acaf2edda3cc3f8c965a16e93901213f3536?x-bce-process=image
湖北工业大学,https://bkimg.cdn.bcebos.com/pic/8644ebf81a4c510ffa5cf12d6459252dd42aa568?x-bce-process=image
湖北师范大学,https://bkimg.cdn.bcebos.com/pic/adaf2edda3cc7cd92fbfd1713e01213fb90e918c?x-bce-process=image
湖北美术学院,https://bkimg.cdn.bcebos.com/pic/e4dde71190ef76c6dd05de779c16fdfaae516792?x-bce-process=image
湖南中医药大学,https://bkimg.cdn.bcebos.com/pic/ac4bd11373f082020622350f49fbfbedab641b49?x-bce-process=image
湖南农业大学,https://bkimg.cdn.bcebos.com/pic/cdbf6c81800a19d8bc3e34123db3958ba61ea8d3e8d9?x-bce-process=image
湖南大学,https://bkimg.cdn.bcebos.com/pic/2e2eb9389b504fc20964271ae2dde71190ef6df2?x-bce-process=image
湖南工业大学,https://bkimg.cdn.bcebos.com/pic/b21c8701a18b87d61a81525f0b0828381e30fdab?x-bce-process=image
湖南师范大学,https://bkimg.cdn.bcebos.com/pic/4610b912c8fcc3ce857684969e45d688d53f20e4?x-bce-process=image
湖南科技大学,https://bkimg.cdn.bcebos.com/pic/cb8065380cd791239c08ff89ac345982b3b78066?x-bce-process=image
湘潭大学,https://bkimg.cdn.bcebos.com/pic/37d3d539b6003af33a87f5ac1261d15c1038524318ee?x-bce-process=image
烟台大学,https://bkimg.cdn.bcebos.com/pic/d009b3de9c82d158ccbf1f759c400ed8bc3eb035e497?x-bce-process=image
燕山大学,https://bkimg.cdn.bcebos.com/pic/2fdda3cc7cd98d1001e95656d375af0e7bec54e73a0b?x-bce-process=image
甘肃中医药大学,https://bkimg.cdn.bcebos.com/pic/241f95cad1c8a7865b135cd96209c93d70cf502f?x-bce-process=image
甘肃农业大学,https://bkimg.cdn.bcebos.com/pic/503d269759ee3d6d55fb6d237f5c7a224f4a21a4708a?x-bce-process=image
电子科技大学,https://bkimg.cdn.bcebos.com/pic/2f738bd4b31c8701a18b3b071935892f0708293851b5?x-bce-process=image
石家庄铁道大学,https://bkimg.cdn.bcebos.com/pic/8b82b9014a90f603c595e7a73812b31bb051ed2d?x-bce-process=image
石河子大学,https://bkimg.cdn.bcebos.com/pic/6609c93d70cf3bc79f3db30f8d4bada1cd11738bfcb7?x-bce-process=image
福州大学,https://bkimg.cdn.bcebos.com/pic/1c950a7b02087bf40ad14b8a139b402c11dfa9ec6135?x-bce-process=image
福建中医药大学,https://bkimg.cdn.bcebos.com/pic/72f082025aafa40f4bfb43e28b2e144f78f0f736b3f0?x-bce-process=image
福建农林大学,https://bkimg.cdn.bcebos.com/pic/10dfa9ec8a13632781beb196938fa0ec09fac7c0?x-bce-process=image
福建师范大学,https://bkimg.cdn.bcebos.com/pic/908fa0ec08fa513d33fa453e3d6d55fbb3fbd9f9?x-bce-process=image
聊城大学,https://bkimg.cdn.bcebos.com/pic/902397dda144ad345982abacebe81bf431adcbef2fcc?x-bce-process=image
苏州大学,https://bkimg.cdn.bcebos.com/pic/95eef01f3a292df5341d2c3cb2315c6034a87339?x-bce-process=image
苏州科技大学,https://bkimg.cdn.bcebos.com/pic/30adcbef76094b36acaf6e2fbf866bd98d1000e93795?x-bce-process=image
蚌埠医学院,https://bkimg.cdn.bcebos.com/pic/dc54564e9258d109b3decc5ded12dbbf6c81810ae780?x-bce-process=image
西北农林科技大学,https://bkimg.cdn.bcebos.com/pic/960a304e251f95cad1c8fb618a5d683e6709c83df498?x-bce-process=image
西北工业大学,https://bkimg.cdn.bcebos.com/pic/d50735fae6cd7b89652eefd9062442a7d9330e2e?x-bce-process=image
西北师范大学,https://bkimg.cdn.bcebos.com/pic/eaf81a4c510fd9f9b4388be8252dd42a2834a400?x-bce-process=image
西北政法大学,https://bkimg.cdn.bcebos.com/pic/8cb1cb1349540923fde225949c58d109b2de4954?x-bce-process=image
西北民族大学,https://bkimg.cdn.bcebos.com/pic/d4628535e5dde71190ef42659ba5d91b9d16fdfacb44?x-bce-process=image
西华大学,https://bkimg.cdn.bcebos.com/pic/810a19d8bc3eb135df0740eea61ea8d3fc1f44a7?x-bce-process=image
西华师范大学,https://bkimg.cdn.bcebos.com/pic/6609c93d70cf3bc79f3dd4c0aa4aada1cd11728bfccf?x-bce-process=image
西南交通大学,https://bkimg.cdn.bcebos.com/pic/730e0cf3d7ca7bcb0a46723e17427c63f6246b6002c4?x-bce-process=image
西南政法大学,https://bkimg.cdn.bcebos.com/pic/7af40ad162d9f2d3c11f9ca4aaec8a136327cc6b?x-bce-process=image
西南林业大学,https://bkimg.cdn.bcebos.com/pic/7af40ad162d9f2d37eebff8ca6ec8a136227ccdf?x-bce-process=image
西南民族大学,https://bkimg.cdn.bcebos.com/pic/aec379310a55b319b56927594ea98226cffc170d?x-bce-process=image
西南石油大学,https://bkimg.cdn.bcebos.com/pic/a686c9177f3e6709fd4ff9673bc79f3df9dc55de?x-bce-process=image
西南科技大学,https://bkimg.cdn.bcebos.com/pic/0823dd54564e9258d109e2d4a6c8c658ccbf6c81e0fd?x-bce-process=image
西南财经大学,https://bkimg.cdn.bcebos.com/pic/0b46f21fbe096b6316d3350204338744eaf8ac9e?x-bce-process=image
西安交通大学,https://bkimg.cdn.bcebos.com/pic/e1fe9925bc315c602230288382b1cb1349547730?x-bce-process=image
西安体育学院,https://bkimg.cdn.bcebos.com/pic/faedab64034f78f01929a70c79310a55b3191c2a?x-bce-process=image
西安外国语大学,https://bkimg.cdn.bcebos.com/pic/b3b7d0a20cf431ad1932e4ce4536acaf2fdd9861?x-bce-process=image
西安工业大学,https://bkimg.cdn.bcebos.com/pic/aa64034f78f0f736b82fa56b0e55b319eac41382?x-bce-process=image
西安工程大学,https://bkimg.cdn.bcebos.com/pic/8694a4c27d1ed21b74f44ca3af6eddc451da3fb2?x-bce-process=image
西安建筑科技大学,https://bkimg.cdn.bcebos.com/pic/cdbf6c81800a19d800575ea532fa828ba61e463e?x-bce-process=image
西安理工大学,https://bkimg.cdn.bcebos.com/pic/500fd9f9d72a6059252dc4d40f7f239b033b5ab50ce0?x-bce-process=image
西安电子科技大学,https://bkimg.cdn.bcebos.com/pic/7aec54e736d12f2ec1809b2345c2d562843568ef?x-bce-process=image
西安石油大学,https://bkimg.cdn.bcebos.com/pic/29381f30e924b899a901e87d314c0a950a7b02085869?x-bce-process=image
西安科技大学,https://bkimg.cdn.bcebos.com/pic/472309f790529822416207a6d7ca7bcb0a46d405?x-bce-process=image
西安美术学院,https://bkimg.cdn.bcebos.com/pic/eaf81a4c510fd9f9e09f6b20292dd42a2934a4ea?x-bce-process=image
西安邮电大学,https://bkimg.cdn.bcebos.com/pic/ac6eddc451da81cb39dbc874102cc7160924ab189b7a?x-bce-process=image
西安音乐学院,https://bkimg.cdn.bcebos.com/pic/d53f8794a4c27d1e137b04f61cd5ad6eddc438a6?x-bce-process=image
西藏民族大学,https://bkimg.cdn.bcebos.com/pic/d8f9d72a6059252dd42ad2bd0ad1143b5bb5c9ea137d?x-bce-process=image
贵州医科大学,https://bkimg.cdn.bcebos.com/pic/9a504fc2d5628535e5ddd5cdaca561c6a7efcf1bc58f?x-bce-process=image
贵州大学,https://bkimg.cdn.bcebos.com/pic/2f738bd4b31c87014897ade8277f9e2f0708ff9f?x-bce-process=image
贵州师范大学,https://bkimg.cdn.bcebos.com/pic/d1160924ab18972bfc388d6ce6cd7b899e510a11?x-bce-process=image
贵州民族大学,https://bkimg.cdn.bcebos.com/pic/14ce36d3d539b600b76ffd7fee50352ac75cb751?x-bce-process=image
贵州财经大学,https://bkimg.cdn.bcebos.com/pic/d31b0ef41bd5ad6e3c76a45781cb39dbb7fd3c84?x-bce-process=image
赣南师范大学,https://bkimg.cdn.bcebos.com/pic/fd039245d688d43f87942b3b5a55c51b0ef41ad58ded?x-bce-process=image
辽宁中医药大学,https://bkimg.cdn.bcebos.com/pic/08f790529822720e0cf3539ad9811d46f21fbe097d32?x-bce-process=image
辽宁大学,https://bkimg.cdn.bcebos.com/pic/faedab64034f78f0f73636213d7b1d55b319eac4b685?x-bce-process=image
辽宁工业大学,https://bkimg.cdn.bcebos.com/pic/eac4b74543a98226cffc83bbc3c8ae014a90f603bd5f?x-bce-process=image
辽宁工程技术大学,https://bkimg.cdn.bcebos.com/pic/c83d70cf3bc79f3df8dc675848ebda11728b4710830a?x-bce-process=image
辽宁师范大学,https://bkimg.cdn.bcebos.com/pic/377adab44aed2e73475a88a18e01a18b86d6fa88?x-bce-process=image
辽宁石油化工大学,https://bkimg.cdn.bcebos.com/pic/37d3d539b6003af33a87ee890960d15c10385243188a?x-bce-process=image
辽宁科技大学,https://bkimg.cdn.bcebos.com/pic/738b4710b912c8fcacc69b1afe039245d688212b?x-bce-process=image
郑州大学,https://bkimg.cdn.bcebos.com/pic/2e2eb9389b504fc2d562af8fa797f01190ef77c6c7ad?x-bce-process=image
重庆交通大学,https://bkimg.cdn.bcebos.com/pic/34fae6cd7b899e510fb30d0388efce33c895d143a7c6?x-bce-process=image
重庆医科大学,https://bkimg.cdn.bcebos.com/pic/f9dcd100baa1cd11728b2d91fb58dffcc3cec3fd8762?x-bce-process=image
重庆大学,https://bkimg.cdn.bcebos.com/pic/4bed2e738bd4b31c3ccbe9d888d6277f9f2ff8da?x-bce-process=image
重庆工商大学,https://bkimg.cdn.bcebos.com/pic/38dbb6fd5266d0160924276faf61c30735fae6cd9f68?x-bce-process=image
重庆师范大学,https://bkimg.cdn.bcebos.com/pic/b03533fa828ba61e19f903da4334970a304e5934?x-bce-process=image
重庆理工大学,https://bkimg.cdn.bcebos.com/pic/9922720e0cf3d7ca7bcbbc588055a9096b63f62403c0?x-bce-process=image
重庆邮电大学,https://bkimg.cdn.bcebos.com/pic/3c6d55fbb2fb43163d37add525a4462309f7d371?x-bce-process=image
锦州医科大学,https://bkimg.cdn.bcebos.com/pic/0823dd54564e9258f47ecb7c9b82d158cdbf4edd?x-bce-process=image
长安大学,https://bkimg.cdn.bcebos.com/pic/29381f30e924b899b028b2b86b061d950a7bf61e?x-bce-process=image
长春中医药大学,https://bkimg.cdn.bcebos.com/pic/1e30e924b899a9014c08d10558df1d7b02087bf45fe7?x-bce-process=image
长春工业大学,https://bkimg.cdn.bcebos.com/pic/5243fbf2b2119313b07e3e8a3d721bd7912397dd27fc?x-bce-process=image
长春师范大学,https://bkimg.cdn.bcebos.com/pic/ae51f3deb48f8c5484d972643b292df5e0fe7f76?x-bce-process=image
长春理工大学,https://bkimg.cdn.bcebos.com/pic/4afbfbedab64034f01a49853a2c379310a551d7d?x-bce-process=image
长江大学,https://bkimg.cdn.bcebos.com/pic/d788d43f8794a4c2093d8f8d0ef41bd5ad6e397d?x-bce-process=image
长沙理工大学,https://bkimg.cdn.bcebos.com/pic/d8f9d72a6059252df4af0a753b9b033b5bb5b902?x-bce-process=image
陕西中医药大学,https://bkimg.cdn.bcebos.com/pic/8694a4c27d1ed21b9e272544a86eddc450da3fa0?x-bce-process=image
陕西师范大学,https://bkimg.cdn.bcebos.com/pic/b64543a98226cffc1e17142ff04b5d90f603738dbc5e?x-bce-process=image
陕西科技大学,https://bkimg.cdn.bcebos.com/pic/810a19d8bc3eb13533fadfa39e54bfd3fd1f4134eedb?x-bce-process=image
集美大学,https://bkimg.cdn.bcebos.com/pic/8cb1cb1349540923c46edeb69258d109b2de49f6?x-bce-process=image
青岛农业大学,https://bkimg.cdn.bcebos.com/pic/37d3d539b6003af33a87e2750d60d15c1038534318c6?x-bce-process=image
青岛大学,https://bkimg.cdn.bcebos.com/pic/4610b912c8fcc3ceb95fbb829b45d688d53f20e7?x-bce-process=image
青岛理工大学,https://bkimg.cdn.bcebos.com/pic/42166d224f4a20a44623d411d4188f22720e0df37a98?x-bce-process=image
青岛科技大学,https://bkimg.cdn.bcebos.com/pic/f7246b600c338744ebf8e5776343cef9d72a60590a21?x-bce-process=image
青海大学,https://bkimg.cdn.bcebos.com/pic/37d12f2eb9389b50cab12a078535e5dde7116e1d?x-bce-process=image
青海师范大学,https://bkimg.cdn.bcebos.com/pic/b7003af33a87e950352acf832c724443fbf2b3111e80?x-bce-process=image
首都体育学院,https://bkimg.cdn.bcebos.com/pic/95eef01f3a292df53ce829b0b7315c6034a87368?x-bce-process=image
首都医科大学,https://bkimg.cdn.bcebos.com/pic/0b55b319ebc4b74543a9984d05b509178a82b901bf1d?x-bce-process=image
首都师范大学,https://bkimg.cdn.bcebos.com/pic/4a36acaf2edda3cc336591c10ce93901203f9249?x-bce-process=image
首都经济贸易大学,https://bkimg.cdn.bcebos.com/pic/e1fe9925bc315c6034a8e6a247f8dc1349540923d96e?x-bce-process=image
鲁东大学,https://bkimg.cdn.bcebos.com/pic/f703738da9773912b31bc44d83539118367adab444ce?x-bce-process=image
鲁迅美术学院,https://bkimg.cdn.bcebos.com/pic/95eef01f3a292df5e0fe91b5ca7b4b6034a85edfd573?x-bce-process=image
黑龙江中医药大学,https://bkimg.cdn.bcebos.com/pic/4034970a304e251f95ca787952ccde177f3e6709f555?x-bce-process=image
黑龙江八一农垦大学,https://bkimg.cdn.bcebos.com/pic/342ac65c1038534319b6ccc49113b07ecb8088de?x-bce-process=image
黑龙江大学,https://bkimg.cdn.bcebos.com/pic/9825bc315c6034a85edf3b8906585e540923dd54d82d?x-bce-process=image
黑龙江科技大学,https://bkimg.cdn.bcebos.com/pic/8601a18b87d6277f262650952f381f30e924fc63?x-bce-process=image
齐鲁工业大学,https://bkimg.cdn.bcebos.com/pic/83025aafa40f4bfb3d2fb6710c4f78f0f7361813?x-bce-process=image
东北大学,https://bkimg.cdn.bcebos.com/pic/b3b7d0a20cf431adcbef61b2097cbbaf2edda2cc32ac?x-bce-process=image
东南大学,https://bkimg.cdn.bcebos.com/pic/cefc1e178a82b9010534459b728da9773812eff9?x-bce-process=image
清华大学,https://bkimg.cdn.bcebos.com/pic/63d0f703918fa0ec08faacc53fde4eee3d6d54fb6deb?x-bce-process=image
中北大学,https://bkimg.cdn.bcebos.com/pic/962bd40735fae6cd962b68f40fb30f2443a70f8c?x-bce-process=image
中国地质大学,https://bkimg.cdn.bcebos.com/pic/30adcbef76094b3601e591b1aacc7cd98d109d73?x-bce-process=image
中国石油大学,https://bkimg.cdn.bcebos.com/pic/c9fcc3cec3fdfc039245a12be8759094a4c27d1e8844?x-bce-process=image
中山大学,https://bkimg.cdn.bcebos.com/pic/b3119313b07eca8032bb094b9a2397dda04483db?x-bce-process=image
南开大学,https://bkimg.cdn.bcebos.com/pic/562c11dfa9ec8a13bb1224f6fb03918fa0ecc098?x-bce-process=image
国防科技大学,https://bkimg.cdn.bcebos.com/pic/3b292df5e0fe9925bc31773261e249df8db1cb13db35?x-bce-process=image
江苏大学,https://bkimg.cdn.bcebos.com/pic/0b55b319ebc4b74543a9772820b409178a82b901bffe?x-bce-process=image
上海交通大学,https://bkimg.cdn.bcebos.com/pic/42166d224f4a20a4fff87ceb9c529822720ed03c?x-bce-process=image
西南大学,https://bkimg.cdn.bcebos.com/pic/342ac65c10385343fbf2bb9ad359a77eca806538227c?x-bce-process=image
西北大学,https://bkimg.cdn.bcebos.com/pic/1f178a82b9014a90f603e184f03d2e12b31bb05140fd?x-bce-process=image
